threshold,tiempo_s
2,0.0021240000
4,0.0018414000
8,0.0020498000
16,0.0019102000
32,0.0018260000
64,0.0019650000
128,0.0026256000
