threshold,tiempo_s
2,0.0435276000
4,0.0326120000
8,0.0273858000
16,0.0292350000
32,0.0277784000
64,0.0297560000
128,0.0397816000
